{
  "clay": {
    "model_type": "GBM",
    "n_rows": 3256,
    "n_locations": 38,
    "mean_K": 0.8043986251697833,
    "std_K": 0.25524770018126314,
    "train_r2": 0.8471217819589705,
    "logo_r2": 0.416,
    "feature_cols": [
      "Depth_actual",
      "SRD_sim",
      "CPT_col3",
      "CPT_col5",
      "fs_cumulative",
      "qc_cumulative",
      "friction_ratio",
      "ISBT",
      "tip_area",
      "max_diameter",
      "pct_sand"
    ],
    "qhats": {
      "0.7": 0.14687018351206182,
      "0.8": 0.19273080581435187,
      "0.9": 0.287806084723913,
      "0.95": 0.40823739560470207
    }
  },
  "sand": {
    "model_type": "ANN(10,10)",
    "n_rows": 2123,
    "n_locations": 51,
    "mean_K": 1.084913005904112,
    "std_K": 0.4814584883708694,
    "train_r2": 0.6628398833579279,
    "logo_r2": 0.373,
    "feature_cols": [
      "Depth_actual",
      "SRD_sim",
      "CPT_col3",
      "CPT_col5",
      "fs_cumulative",
      "qc_cumulative",
      "friction_ratio",
      "ISBT",
      "tip_area",
      "max_diameter",
      "pct_sand"
    ],
    "qhats": {
      "0.7": 0.36646798579916484,
      "0.8": 0.496838859293956,
      "0.9": 0.6544617731339444,
      "0.95": 0.7739472773784528
    }
  },
  "site_mean_k": {
    "sand_MO": 1.2700432093288454,
    "sand_R": 0.7569473583226987,
    "clay_MO": 0.9318452174187722,
    "clay_R": 0.8021277731040777
  },
  "global_mean_k": 0.9151128899585881,
  "K_std_threshold": 0.15,
  "notes": {
    "clay_model": "GBM \u2014 no K_std screening needed, use everywhere",
    "sand_model": "ANN(10,10) \u2014 K_std screening marginal, ANN used everywhere",
    "version": "2.0",
    "improvement": "GBM reduces clay RMSE from 23,340 to 21,518 MN vs ANN"
  }
}