{
  "sand": {
    "n_rows": 2123,
    "n_locations": 51,
    "mean_K": 1.084913005904112,
    "std_K": 0.4814584883708694,
    "locations": [
      "MO1",
      "MO10",
      "MO11",
      "MO13",
      "MO14",
      "MO15",
      "MO16",
      "MO17",
      "MO19",
      "MO20",
      "MO21",
      "MO3",
      "MO4",
      "MO5",
      "MO7",
      "MO8",
      "MO9",
      "R1",
      "R10",
      "R11",
      "R12",
      "R13",
      "R14",
      "R17",
      "R18",
      "R21",
      "R22",
      "R23",
      "R24",
      "R25",
      "R26",
      "R27",
      "R28",
      "R29",
      "R3",
      "R30",
      "R31",
      "R32",
      "R33",
      "R34",
      "R35",
      "R36",
      "R37",
      "R38",
      "R39",
      "R4",
      "R42",
      "R5",
      "R6",
      "R8",
      "R9"
    ],
    "feature_cols": [
      "Depth_actual",
      "SRD_sim",
      "CPT_col3",
      "CPT_col5",
      "fs_cumulative",
      "qc_cumulative",
      "friction_ratio",
      "ISBT",
      "tip_area",
      "max_diameter",
      "pct_sand"
    ],
    "train_r2": 0.6628398833579279,
    "qhats": {
      "0.7": 0.36646798579925055,
      "0.8": 0.49683885929395866,
      "0.9": 0.6544617731340336,
      "0.95": 0.7739472773784666
    }
  },
  "clay": {
    "n_rows": 3256,
    "n_locations": 38,
    "mean_K": 0.8043986251697833,
    "std_K": 0.25524770018126314,
    "locations": [
      "MO10",
      "MO13",
      "MO14",
      "MO7",
      "R1",
      "R10",
      "R11",
      "R12",
      "R13",
      "R14",
      "R17",
      "R18",
      "R21",
      "R22",
      "R23",
      "R24",
      "R25",
      "R26",
      "R27",
      "R28",
      "R29",
      "R3",
      "R30",
      "R31",
      "R32",
      "R33",
      "R34",
      "R35",
      "R36",
      "R37",
      "R38",
      "R39",
      "R4",
      "R42",
      "R5",
      "R6",
      "R8",
      "R9"
    ],
    "feature_cols": [
      "Depth_actual",
      "SRD_sim",
      "CPT_col3",
      "CPT_col5",
      "fs_cumulative",
      "qc_cumulative",
      "friction_ratio",
      "ISBT",
      "tip_area",
      "max_diameter",
      "pct_sand"
    ],
    "train_r2": 0.6171644211988314,
    "qhats": {
      "0.7": 0.1602161089650811,
      "0.8": 0.20948012160163176,
      "0.9": 0.29356284171512526,
      "0.95": 0.406975502600435
    }
  },
  "site_mean_k": {
    "sand_MO": 1.2700432093288454,
    "sand_R": 0.7569473583226987,
    "clay_MO": 0.9318452174187722,
    "clay_R": 0.8021277731040777
  },
  "K_std_threshold": 0.15000000000000002,
  "global_mean_k": 0.9151128899585881
}